id,hash,label
2021-02_staff_qc_debugging,2847059306,Display QS scores in results. Not a real experiment
2021-03_expiration_notice_ios,2088781100,Show expiration notice on ios invite
2021-03_expiration_notice_ios_embed,733758152,Show expiration notice on ios invite embed
2021-03_expiration_notice_mobile_web,3623906145,Show expiration notice on mobile web invite
2021-03_videotoolbox_rate_optimization,2775082884,VideoToolbox Rate Control Optimizations
2021-04_impression_logging,3354177721,Standard Analytics: Log Impressions
2021-04_longer_group_dm_invites,1693164202,Longer Group DM Invites
2021-04_network_action_logging,3643362751,Standard Analytics: Log Network Actions
2021-06_guild_role_subscriptions,1405831955,Guild Role Subscriptions
2021-06_guild_subscriptions_payment_flow_test_page,1573645622,Test page for guild subscription payment flows
2021-06_hdr_screen_capture,2912909916,HDR Screen Capture
2021-06_preview_promotions,3704699110,Promotions Preview
2021-07_popout_autocomplete,1900424093,Popout Autocomplete experiment
2021-07_role_popout,1428438599,Role Popout
2021-08_guild_role_subscription_users,1567199723,Guild Role Subscription Users
2021-08_max_sync_delay,578035700,Overrides the default max sync delay for AV streams in WebRTC
2021-08_regional_payment_methods,3091068323,Regional Payment Methods
2021-08_user_initiated_refunds,2623810566,User Initiated Refunds
2021-09_favorites_server,1134868932,Favorites Server
2021-09_ios_screenshare_resolution_profiles,3656427814,iOS: Screenshare resolution profiles
2021-09_watch_together_rollout,3607703918,Exposure tracking for Watch Together (do not override)
2021-10_pause_partner_applications_experiment,4049227286,Pause Partner Applications Experiment
2021-10_price_determination,3997593347,Price determination experiment
2021-10_runtime_accessibility_system,3654722494,Runtime Accessibility System
2021-10_study_group,4030301365,Student hub study group
2021-11_discovery_tags,1025804489,Discovery Tags
2021-11_hub_events,1107510295,Hub Events
2021-11_member_verification_manual_approval,4089758233,Member Verification Manual Approval
2021-12_discovery_requirements_m2,1065075299,Lower Server Discovery member count requirements
2021-12_inferno_spam_redaction,4179344527,Inferno Spam Redaction
2022-01_discovery_iar,1877212037,Ability to report servers in Server Discovery
2022-01_guild_role_subscription_trials,4200595067,Guild Role Subscription Trials
2022-01_home_feed_toggle,1124154177,Show Guild Feed Sorting Selector
2022-01_server_recommendations_rollout,2353632184,Rollout experiment for server recommendations.
2022-02_guild_audit_log_guild,1412337990,Guild Audit Log - Guild Feature Flag
2022-02_guild_audit_log_user,2802647294,Guild Audit Log - User Feature Flag
2022-02_guild_folder_mute,3351473888,Guild Folder Mute
2022-02_multi_month_plans,2046063445,Multi Month Plans
2022-03_block_russian_purchases,3011681066,Block purchases based on country
2022-03_block_russian_purchases_desktop,1814483290,Block purchases based on country (desktop specific flags)
2022-03_guild_access_rate_insight_experiment,1899119674,Guild Access Rate Insight Experiment
2022-04_account_profile_popout,4156073260,Account Profile Popout
2022-04_creator_monetization_country_allowlist,2532700533,Creator Monetization Available in Country
2022-04_registration_copy_updates,1115221338,Registration Copy Updates
2022-06_auth_sessions_user_settings,1095779154,Auth Sessions User Settings
2022-06_community_admin_server,3282315774,Show the button to join the admin server in community overview server settings page
2022-06_free_sticker_slots_design_updates,258580919,Free Sticker Slots Design Updates
2022-06_home_refresh_button,853790804,Show refresh button
2022-06_native_mobile_role_subscription_management,1034661306,Mobile Guild Role Subscription Management
2022-06_no_payment_info_trial,2546548335,No Payment Info Trial
2022-07_channel_highlights,4169687140,Channel Highlights
2022-07_file_upload_limit,828251710,File Upload Limit Increase
2022-07_guild_role_subscriptions_variable_max_tiers,179711638,Guild Role Subscription Max Tiers
2022-07_invites_disabled,3683063649,Report Raids
2022-07_report_raids,1055563741,Report Raids
2022-07_system_dm_safety_onboarding,488500683,System DM Safety Onboarding
2022-07_voice_in_threads,944104242,Voice in Threads
2022-08_amoled_mode_web,4202366309,Enabled AMOLED Mode on Web
2022-08_back_to_school,2676348506,Back to School Event
2022-08_churro_experiment,4136574802,PS5 Voice Experiment
2022-08_guild_unreads,4073302433,Guild Unreads
2022-08_home_badge,2294464289,Show badge on home channel
2022-08_home_drawer_autoclose,75117039,Auto close home drawer
2022-08_message_todos_staff_only,4170652702,Message TODO list
2022-08_rtc_minimum_jitter_buffer_level,1077571921,Minimum Jitter Buffer Level
2022-08_windows_graphics_capture,231858385,Windows Graphics Capture
2022-09_burst_reactions,1443856828,Burst Reactions User Experiment
2022-09_creator_monetization_raven,3723449866,Creator Monetization Onboarding v2
2022-09_creator_monetization_raven_users,2539540256,Creator Monetization Onboarding v2 Users
2022-09_emoji_ecosystem_holdout,667096268,Emoji Ecosystem Holdout Experiment
2022-09_emoji_picker_discovery,346890398,Emoji Picker Improved Discovery
2022-09_free_file_upload_limit,3991298449,Free File Upload Limit Increase
2022-09_inboxes_v2_frontend,472975400,Safety Integrity Platform Inboxes V2
2022-09_mobile_account_switcher,2001067746,Mobile Account Switcher
2022-09_premium_tier_0_global,102690720,Premium tier 0 (Global)
2022-09_remote_audio_settings,1503364285,Remote Audio Settings
2022-09_welcome_header,683339869,Show welcome header for home
2022-1_read_state_staff,2864217513,Read State Staff
2022-10_context_menu_and_new_media_picker,478936943,Context Menu and New Media Picker
2022-10_guild_raid_messaging,3636231100,Raid Alerts
2022-10_h265_dm_call,3916079111,Test how h265 works on ios/macos for DM calls
2022-11_activitiesbashoutcoachmark,1696233097,Bash Out Coach Mark
2022-11_automod_non_community_guilds_release,2608013421,Automod Non-Community Guilds Release
2022-11_clips_experiment,1651184307,Clips Experiment
2022-11_command_query_pagination,2206139940,Command Query Pagination
2022-11_creator_monetization_onboarding_waitlist,987884927,Creator Monetization Onboarding Waitlist
2022-11_default_disable_mass_mention,2462216785,Disable mass mentions for communities by default
2022-11_default_to_server_vanity_v2,2507971540,Default To Server Vanity v2
2022-11_desktop_notification_center,1323079101,Desktop notification center
2022-11_mobile_account_switcher_notifications,1333727,Mobile Account Switcher: Notifications
2022-11_notification_redesign,1792467213,NotificationRedesign
2022-11_premium_bogo_month_promotion,28781292,Nitro Promo for Black Friday
2022-11_rtx40xx_gpu_screenshare_with_av1,535388300,Test how AV1 works on windows with RTX40xx GPUs for screenshare
2022-12_activities_auto_suggest,2732395257,Activities Auto Suggest
2022-12_auto_disable_video_mobile_v1,3888328973,Mobile performance: VideoHealthManager
2022-12_channel_notice_redesign,3502788249,Channel Notice Redesign
2022-12_forum_activity,828081447,"Increased activity view for Forums, per user"
2022-12_get_my_guilds_application_ids_endpoint,3772658100,Get My Guilds' Application IDs Endpoint Experiment
2022-12_home_feedback_ux,655899426,Show post feedback for home
2022-12_home_header_redesign,3405402067,Home New Header
2022-12_localized_pricing_poland_notice,4169494713,Localized Pricing Poland Notice
2022-12_localized_pricing_promo_manager,4215507151,Localized Pricing Promo Manager
2022-12_media_mosaic_experiment,1133868976,Media Mosaic
2022-12_mention_raid_limit,1318029053,Automod Mention Raid Limit
2022-12_message_request_home_count,3277135165,Safety Experience Message Request Home Count
2022-12_mobile_guild_role_subscription_team_setup,3313601281,Mobile Guild Role Subscription Team Setup
2022-12_premium_targeted_upsells,2067676101,Premium Targeted Upsells
2022-12_seasonal_gifting,184775741,Seasonal Gifting
2022-12_timestamp_tooltip,1978665225,Timestamp Tooltip
2023-01_activities_in_gdm,1834860859,Activities in GDM
2023-01_clear_all_message_requests,400679165,Safety Experience Reject All Message Requests
2023-01_consumer_education_launch,1318110575,Safety Consumer Education Launch - Block/Mute
2023-01_creator_monetization_nag_activate_users,3029387945,Creator Monetization Nag Activate Users
2023-01_emoji_discovery_backfill,2013557659,Emoji Hotrail Backfill
2023-01_forums_activity_2_guild,4081692393,"Increased activity view for Forums, per guild"
2023-01_forums_non_community,1446479414,Forum non-community
2023-01_guild_onboarding_includes_rules,987713133,Guild Onboarding includes rules experience
2023-01_mention_raid_notice,805661295,Automod Mention Raid Notice
2023-01_shared_canvas,280866660,Shared Canvas
2023-01_silent_messages,183688925,Silent Messages
2023-01_vc_tile_activities_entry_point,1289034223,VC Tile Activities Entry Point
2023-02_app_directory_for_all_modal,968202795,App Directory Upsell For All Modal
2023-02_app_recommendations_server_checklist,3320756132,Application Recommendation Server Checklist Experiment
2023-02_automod_custom_message,511273769,Automod Custom Message
2023-02_burst_reaction_guild_experiment,2014775304,Burst Reactions
2023-02_free_form,2001176293,Automod Server Policy
2023-02_h265_android,2838233237,Test how h265 works on android for DM calls
2023-02_inline_sending_preview_mobile,1582099574,Inline Sending Preview Mobile
2023-02_mfa_remove_phone,3346916614,Safety Experience MFA Remove Phone
2023-02_mobile_redesign_new_users,1084726125,Tabs V2 - New Users
2023-02_nitroduction_experience,2956169075,Nitroduction Experience
2023-02_onboarding_advanced_mode,2544556038,Enables setting up onboarding with advanced mode
2023-02_onboarding_home,454680912,Home as a community onboarding surface
2023-02_onboarding_home_admin,748249793,[ADMIN] Home as a community onboarding surface
2023-02_onboardingdropdowns,3884904940,Enables dropdown selections from onboarding prompts
2023-02_p13n_summarization,1504498621,Channel Summaries Guild Experiment
2023-02_referral_trials,4247951256,Referral Trials
2023-02_stage_boosting,1816004721,Stage Boosting
2023-02_tabs_v2,1499660140,Tabs V2 - GDM Bucketing
2023-02_voice_channel_statuses,2809294122,Voice Channel Status Guild Experiment
2023-03_aa_user_segment_filter,1998088971,AA test to validate segmentation filter
2023-03_activities_game_night_coach_mark,2171590360,Activities Game Night Experiment
2023-03_activities_watch_together_promo_sparkles_week_1,1312040082,Activities Watch Together Promo Week 1 Sparkles
2023-03_activities_watch_together_promo_sparkles_week_2,1736363471,Activities Watch Together Promo Week 2 Sparkles
2023-03_activitieswatchtogetherpromo,3238880497,Activities Watch Together Promo
2023-03_activity_gartic_phone_coach_mark,1886305766,Activity Coach Mark Gartic Phone
2023-03_apps_in_gdms,3375543773,Apps in GDMs
2023-03_april_fools,3971730794,April Fools 2023
2023-03_birthday_activities,1389690772,Birthday Activities
2023-03_channel_name_emojis,3524854832,Channel Emojis
2023-03_client_themes_16thru21,1212874525,Client Themes New Themes
2023-03_clyde_ai,4083096281,ClydeAI
2023-03_free_discord_stickers,887694445,Free Default Stickers
2023-03_friend_finder,2937064747,Friend Finder User Experiment
2023-03_friend_finder_employees,2030928172,Friend Finder Employees User Experiment
2023-03_guild_media_channel,3890564237,Media Channel
2023-03_home_deprecation,280214844,Home Deprecation
2023-03_improved_message_markdown,1859132618,Improved Message Markdown 
2023-03_improved_message_markdown_guild,1489979462,Improved Message Markdown Guild Experiment
2023-03_mj_chat_bar_guild,2182959876,MJ Chat Bar enabled guilds
2023-03_mj_chat_bar_user,1396216677,MJ Chat Bar user experiment
2023-03_mobile_burst_reactions,412458642,Mobile Burst Reactions User Experiment
2023-03_mobile_re_design_existing_users,1929843098,Tabs V2 - Existing Users
2023-03_mobile_remix,961769771,Remixing User Experiment
2023-03_mute_block_aa,3135454939,Safety Consumer Education Block/Mute - A/A
2023-03_onboarding_soft_requirement_for_partnership,3738976194,Hide onboarding soft requirement for partnership
2023-03_onboarding_upsell_lifecycle,485475819,Onboarding Upsell Lifecycle
2023-03_p13n_summarization_user,3283745071,Channel Summaries User Experiment
2023-03_pax_vc_tile_activities,3149823763,PAX VC Tile Activities
2023-03_pomelo,268309827,Pomelo
2023-03_pomelo_debounce_delay,373531156,Pomelo Debounce Delay
2023-03_server_subscriptions_tier_templates,808859253,Server Subscriptions Tier Templates
2023-03_store_latest_message_data,1617749743,Store latest message data
2023-03_text_playground_settings_pane,3074921198,Text Playground
2023-03_trial_redemption_default_to_monthly_plan,1656308555,Trial Redemption Default To Monthly Plan
2023-04_activity_launcher_embed,3699020455,Activity Launcher Embed
2023-04_birthday_activities_jamspace_tile,3742269191,Birthday Activities Whats New Jamspace Tile
2023-04_birthday_activities_putt_party_tile,2616904300,Birthday Activities Whats New Putt Party Tile
2023-04_birthday_activities_whats_new_gdm_tile,3839121633,Birthday Activities Whats New GDM Tile
2023-04_broadcasting,139947315,Go Live Broadcasting
2023-04_consumer_education_launch__reporting,3966944317,Consumer Education Launch - Reporting
2023-04_dm_spam_filter_coachmark,64742860,Safety DM Spam Filter Coachmark rollout
2023-04_guild_alert_mode,2710924848,Guild Alert Mode
2023-04_guild_media_channel_post_preview_embed_users,288968706,Guild Role Subscription Users
2023-04_mobile_redesign_0c_new_users,1767248084,Tabs V2 - New Users Phase 0c
2023-04_mobile_redesign_0d_new_users,4264103376,Tabs V2 - New Users Phase 0d
2023-04_nitro_drop_announcement_modal,4190502511,2023 Nitro April Drop Announcement Modal
2023-04_notification_redesign_v2,1347697298,NotificationRedesignV2
2023-04_null_experiment,1045730203,Null Experiment
2023-04_pomelo_attempt,3522378716,Pomelo Attempt
2023-04_pomelo_suggestions,2091202574,Pomelo Suggestions
2023-04_server_badging,41612842,Server Badging
2023-04_server_products,2236798974,Server Products
2023-04_server_subscriptions_tier_templates_user,4265918989,Server Subscriptions Tier Templates
2023-04_tier_0_trial_cta_copy,3084409284,Tier 0 Trial CTA Copy
2023-05_activities_joinleave_sounds,3190368920,Activities Sounds Experiment
2023-05_automod_user_profile_ab,4261225962,Automod on User Profile A/B
2023-05_birthday_activities_poker,3212616249,Birthday Activities Poker Tile
2023-05_clear_pending_incoming_friend_requests,3060384904,Enable ability to clear incoming friend requests
2023-05_clyde_ai_dm,1906632964,DMs to Clyde
2023-05_clyde_ai_guild_personality,2701598838,Modify Clyde's Personality
2023-05_collectibles,2455278797,Collectibles
2023-05_fast_onboarding_landing,1461620747,Fast Onboarding Landing
2023-05_fullyemojiautocomplete,3138896883,Only show emoji in autocomplete
2023-05_go_live_quest_fortnite,2709361021,Fortnite: Go Live Quest
2023-05_guild_member_safety_experiment,603648674,Guild Member Safety Experiment
2023-05_inventory_guild_packs,1473329304,Inventory Guild Packs Experiment
2023-05_land_on_server_guide,3172321247,Land users on server guide
2023-05_localized_pricing_turkey_notice,2556223249,Localized Pricing Turkey Notice
2023-05_lock_icon,853908483,Checkout Lock Icon
2023-05_onboarding_wumpus_tooltip_obliteration,3295981377,Guild Onboarding Wumpus Tooltip
2023-05_optional_onboarding_home_admin,695300504,[ADMIN] Make server guide optional
2023-05_overlay_hook_crash_detection,933369006,Detect and report crashes in the overlay hook
2023-05_popular_slash_commands_mobile,1146223059,Popular Slash Commands Mobile
2023-05_referral_trials_birthday_moment,3364594544,Referral Trials Birthday Moment
2023-05_safety_user_sentiment,1344378364,Safety User Sentiment Feedback Eligible
2023-05_speed_test,2982944466,Speed Test User Setting
2023-06_activity_shelf_banner_color_together,1426851414,Activity Shelf Banner Color Together
2023-06_activity_shelf_to_detail_page,2451628514,Activity Shelf to Detail Page
2023-06_app_launcher_mobile,2212455371,App Launcher - Mobile
2023-06_birthday_goodbye,2205929113,Activities Free Forever
2023-06_bogo_announcement_modal,2338915282,BOGO Announcement Modal
2023-06_bogo_promotion_gate,680908968,BOGO Promotion Manager
2023-06_burst_reaction_entry_point_ordering,2413236121,Burst Reaction Entry Point Ordering
2023-06_clyde_ai_channel_based_personality,3143066071,Channel based Clyde personalities
2023-06_clyde_ai_gdm,1195502096,Clyde in DMs/GDMs
2023-06_custom_call_sounds,3039064495,Custom Call Sounds
2023-06_guild_boosting_legacy_pricing_fix_experiment,1083932689,Guild Boosting Legacy Pricing Fix Experiment
2023-06_guild_contact_invite_imessage_overlay,631519303,Friend Finder guild contact invite imessage overlay
2023-06_h265_macos,4148889709,Test how h265 works on macos
2023-06_inventory_guild_setting,3883768363,Inventory Guild Settings Experiment
2023-06_mobile_redesign_curry_existing_users,4015496517,Tabs V2 - Curry Existing Users
2023-06_mobile_redesign_curry_new_users,2373630185,Tabs V2 - Curry New Users
2023-06_new_activity_one_time_purchase_modal,261136978,New Activity One Time Purchase Modal
2023-06_non_nitro_user_remix_upsell,3195474227,Non Nitro User Remix Upsell Experiment
2023-06_p13n_summarization_mobile_ux,3780014786,Channel Summaries UX on Mobile Experiment
2023-06_premium_unify_trial_upsell,1495876933,Premium Unify Trial Upsell
2023-06_reduced_payment_method_address_info,3371039046,Reduced Payment Method Address Info
2023-06_remove_reactions_by_type,4195647747,Remove Reactions by Type
2023-06_unique_username_registration,2476969328,Unique Username Registration
2023-07_allow_welcome_message_replies,1487316075,Allow replies to welcome messages
2023-07_announcement_views,3583259547,Announcement Views
2023-07_autocomplete_emojis_nitro_upsell,1322503781,Autocomplete Emojis Nitro Upsell
2023-07_automated_gift_code_message,3647881612,Automatically send gift code message in direct message to gift recipient
2023-07_bogo_marketing_materials_experiment,1350945791,BOGO Marketing Materials
2023-07_checkout_optimization_browser_autofill,3608176496,Checkout Optimization Browser Autofill
2023-07_checkout_prevent_accidental_modal_dismissal,3215170208,Checkout Prevent Accidental Modal Dismissal
2023-07_clyde_ai_proactive_guilds,3041932109,Proactive Clyde
2023-07_dm_call_bitrate,4248455588,DM/GDM Call Bitrate Experiment
2023-07_domain_connection,3495789820,Domain Connection
2023-07_friend_finder_auto_redirect_invite,197619742,Friend Finder Auto Redirect Invite Experiment
2023-07_guild_list_order,3517643571,Put new guilds to the bottom of guild list
2023-07_guild_members_search_in_elasticsearch,386483746,Members Search V2 Experiment
2023-07_h265_for_windows_with_nvidia,4193500328,Test how h265 works on Windows with Nvidia nvenc codec
2023-07_iframe_modal,135503004,iFrame Modal
2023-07_member_safety_non_community,581929451,Members Safety Non Community Experiment
2023-07_mfa_email_verification,3832649687,Safety Experience Mfa Email Verification
2023-07_p13n_guild_dock_summaries,727554173,Guild Dock Summaries on Mobile Experiment
2023-07_p13n_summarization_model_swap,3819099123,User channel summarization model swapping
2023-07_p13n_summarization_model_swap_guild,2803184680,Guild channel summarization model swapping
2023-07_safetyhub,2804631054,Safety Hub
2023-07_server_guide_post_onboarding_new_member_action,4076788897,Add onboarding new member action to server guide
2023-07_server_guide_trigger,2104400771,server guide guild experiment for triggering purposes
2023-07_suggested_contacts_on_messages_tab,3350915613,Suggested Contacts Rows on Messages Tab
2023-08_aa_imbalance_remediation,3307441810,AA test to validate fallback trigger and location frequency change
2023-08_activities_in_text,1295440499,Activities in Text User
2023-08_clips_public_test,3779532009,Clips (Public Test)
2023-08_collectiblesnitroavatardecoiap,2588597280,Collectible Nitro Avatar Decorations IAP
2023-08_custom_app_icons,2089092680,Custom App Icons
2023-08_custom_gift,1100309809,Custom Gift Experiment
2023-08_dcf_ml_model,1694039129,DCF ML Perks Relevance Model
2023-08_deadchat_simple_prompt_guild,2716650836,Simple deadchat prompt
2023-08_decay_old_unreads,3052834880,Decay Unreads
2023-08_explicit_media_redaction,3220737601,Explicit Media Redaction
2023-08_explicit_media_redaction_teen,438549105,Explicit Media Redaction for Teens
2023-08_friend_finder_contact_sync_landing_page,3704927451,Contact Sync landing page rework with friend finder.
2023-08_friend_finder_incentivized_west_virginia,3011578501,Friend Finder Incentivized Invites for West Virginia
2023-08_friend_finder_pymk,3412409298,Friend Finder People You May Know
2023-08_friendfinderincentivizedexistingusers,553522630,Friend Finder Incentivized Invites for Existing Users
2023-08_friendfinderincentivizednewusers,3308436081,Friend Finder Incentivized Invites for New Users
2023-08_full_band_krisp_android_,2791827263,Let us control if full band is enabled on Android
2023-08_guild_alert_mode_friend_server,2225390567,Guild Alert Mode (friend servers only)
2023-08_guild_member_bulk_ban_experiment,2119968730,Bulk Banning Guild Members Experiment
2023-08_guild_member_mod_view,2342285461,Guild Member Mod View
2023-08_guild_usage_survey,1468919041,Guild Usage Survey
2023-08_iar_fraud_impersonation,868088545,In App Reports Fruad & Impersonation
2023-08_iframe_modal_guild,3482606388,iFrame Modal guild experiment
2023-08_improved_bans_page,3768642622,Guild Settings Improved Bans Page
2023-08_jamspace_mini_shelf_banner,2622935727,Jamspace Mini Shelf Banner
2023-08_local_message_background_sending,1704787863,Send Messages In The Backgrounded
2023-08_login_mfav2,2746546843,Login MFAv2
2023-08_marketing_page_floating_cta,1486934563,Marketing Page Floating CTA
2023-08_mobile_redesign_0g_mini,2911413063,Tabs V2 - 0g Mini
2023-08_mobile_redesign_phase_one_existing_users,4045057395,Tabs V2 - Phase One - Existing Users
2023-08_mobile_redesign_phase_one_new_users,391363355,Tabs V2 - Phase One - New Users
2023-08_new_app_command_serving,3246190672,New Application Command Serving
2023-08_nitro_subs_variant,3370747435,Nitro Subs Variant
2023-08_overlay3_out_of_process_enablement,2544068076,Overlay3 - Out of Process Enablement
2023-08_periodic_voice_stats,1794801891,Periodic Voice Stats
2023-08_perks_discoverability,4108749034,Perks Discoverability
2023-08_premium_new_settings_page,2083225274,New settings page for Nitro
2023-08_premium_tutorial_for_all,1899757821,Premium Tutorial Experience For All
2023-08_premium_tutorial_for_all_debug,3060539609,Premium Tutorial Experience For All Debugging
2023-08_profile_effects,3382923749,Profile Effects User Experiment
2023-08_remix_ga,3382036696,Remix General Available
2023-08_reranked_marketing_tiles,4020129040,Reranked Marketing Tiles
2023-08_secure_frames_encryption,3013881204,Allowing testing DAVE protocol for voice/video
2023-08_self_mod_stranger_danger_teens,1533516732,Stranger Danger Teens
2023-08_server_shop_storefront,1320076753,Server Shop Storefront
2023-08_server_shop_upsell,3738060959,Server Products Upsell
2023-08_trial_notif_to_nitro_home,4023901003,Trial Notification to Nitro Home
2023-08_user_apps,825618208,Allow user app commands
2023-08_video_quality_measurement_v1,2496837643,Video Quality Measurement
2023-08_whats_new,1745832462,What's New
2023-08-30_open-in-popout,281174794,Open Channel in Popout
2023-09_activity_bobble_bash_upsell,3892100904,Activity Bobble Bash Upsell
2023-09_activity_shelf_order,677690720,Activity Shelf Order
2023-09_amd_relaxed_rate_control,1124247010,Alternative rate control proposal for AMD encoder
2023-09_better_localized_trial_cta_rollout,2867419964,Better Localized Trial CTA
2023-09_client_theme_coachmark_reintro,1017818703,Experiment to reintroduce the client themes experiment
2023-09_clips_nitro_early_access,67524618,Clips (Nitro EA)
2023-09_collectibles_marketing_page,1645732717,Collectibles Marketing Page
2023-09_decoupled_game_clipping,1366927696,Test decoupled game clipping
2023-09_deskop_in_app_icon,1066761149,Desktop In-App Icons
2023-09_dm_list_shop_entry_point,1019122443,DM List Shop Entry Point Button
2023-09_gaming_stats_prompt_guild,2478854553,Gaming stats prompt
2023-09_gaming_stats_setup,3080965400,Gaming stats exposure setup
2023-09_guild_events_auto_start,2275541075,Allow users to toggle automatically start events
2023-09_guild_events_entrypoint,1943118067,Experiments with showing Events entrypoint in the channel list in friends guilds
2023-09_guild_events_improvements,2181787089,Experiments with various improvements to our events system
2023-09_guild_polls,2254848082,Create Guild Polls
2023-09_iar_dsa_webform,1438986391,Safety Experience Unauthenticated Report Form
2023-09_iar_user_reporting,2180379513,Safety Experience IAR User Reporting
2023-09_limited_time_custom_app_icons,4133484951,Limited-time icons
2023-09_member_safety_release_coachmark,1865413295,Members Safety Release Coachmark Experiment
2023-09_mobile_redesign_hfu,3033100557,Tabs V2 - HFU Iteration
2023-09_mobile_redesign_override_toggles,1855953905,Tabs V2 - redesign opt-out/in for all
2023-09_mobile_redesign_override_toggles_t2,134161945,Tabs V2 - redesign opt-out for T2
2023-09_mobile_redesign_panels,985588111,Tabs V2 - Panels
2023-09_mobile_redesign_panels_existing_users,2137061112,Tabs V2 - Panels - Existing Users
2023-09_mobile_redesign_panels_new_users,1258152564,Tabs V2 - Panels - New Users
2023-09_mobile_redesign_staff,2522365240,Tabs V2 - Staff
2023-09_mobile_redesign_toggle,1727919676,Tabs V2 - manual toggles
2023-09_premium_likelihood_discount_offers,2539775500,Premium Likelihood Discount Offers
2023-09_proxy_block_notice,1121995325,Proxy Block Experiment
2023-09_recurring_events,2114978023,Allows guild to create recurring events
2023-09_redesigned_icons_experiment,2688743035,Redesigned icons experiment
2023-09_server_shop_phantom_preview,759064140,Server Shop Phantom Preview
2023-09_show_server_sub_in_server_shop,1680860120,Show server sub in server shop
2023-09_soundmoji,2773988864,Soundmoji
2023-09_subscriber_nitro_home,1154210951,Subscriber Nitro Home
2023-09_trigger_debugging_aa,1454135605,trigger debugging aa mobile
2023-09_unified_chat_input_expression_icon,3165668470,Unified chat input expression icon
2023-09_upcoming_guild_events_notice,2766349394,Shows additional notices in the channel list for upcoming events
2023-09_user_apps_guild,1570379293,Allow user app commands
2023-09_whats_new_drop_1_flip,1584455515,What's New Drop 1
2023-09_whats_new_drop_2_flip,2396169737,What's New Drop 2
2023-09_whats_new_phase_2,2757471822,What's New Phase 2
2023-09_window_32_deprecation_message,3258339487,show deprecation message for 32-bit Windows
2023-10_actvity_krunker_strike_mini_shelf_banner,2400055382,Actvity Krunker Strike Mini-Shelf Banner
2023-10_add_friend_prominence,1192388977,Make adding friends more prominent (mobile DM)
2023-10_add_friend_prominence_desktop,4283940163,Make adding friends more prominent (desktop profile)
2023-10_bandwidth_estimation_v1,834206369,Bandwidth Estimation
2023-10_call_banner_bg,2681214381,Call Banner Background Experiment
2023-10_client_themes_mobile_tokens,262667022,Client Themes Mobile Tokens
2023-10_clyde_ai_proactive_guilds_v2,3196467544,Proactive Clyde V2
2023-10_collectibles_falloween,1138748479,Collectibles Shop Falloween Content Drop
2023-10_collectibles_shop_for_all,640079350,Collectibles Shop For All
2023-10_custom_gift_soundboard_emoji,308592502,Custom Gift - Soundboard and Emoji Experiment
2023-10_dcf_holdout,2009146437,DCF Holdout
2023-10_emoji_captions,3610590624,Emoji Captions Experiment
2023-10_enable_stateful_animated_icons,3353189507,Stateful animated icons
2023-10_friend_finder_launch,1847389384,Friend Finder Launch Experiment
2023-10_friend_finder_redesign,2064761972,Friend Finder Redesign User Experiment
2023-10_friend_finder_virginia,2536084621,Friend Finder User Experiment for Virginia
2023-10_guildaa,3928972551,Trigger Debugging Guild AA Experiment
2023-10_halloween_2023,3705895930,Halloween assets 2023
2023-10_mobile_redesign_one_percent_existing_users,1541876684,Tabs V2 - One Percent - Existing Users
2023-10_mobile_redesign_one_percent_new_users,3475360205,Tabs V2 - One Percent - New Users
2023-10_poll_users,3497865233,Polls User Experiment
2023-10_premium_tier_2_trial_offer_expiring_notice,3950847537,Premium Tier 2 Trial Offer Expiring Notice
2023-10_q4_drop,65716927,Q4 Drop
2023-10_screencapturekit,3417823975,ScreenCaptureKit
2023-10_social_proofing_file_size,3258058784,Social Proofing File Size
2023-10_social_proofing_message_nitro_badge,725728798,Social Proofing Message Nitro Badge
2023-10_staff_teen_safety_assist_age_bypass,2712801344,Staff Teen Safety Assist Age Bypass
2023-10_thumbhash_messages,3927145797,Display thumbhash placeholders when loading message images
2023-10_trial_for_everyone_trial_creation,2559295447,Trial for everyone
2023-10_triggerdebuggingaa,1863147434,Trigger Debugging User AA Experiment
2023-10_username_lookup_killswitch,2240098025,Friend Finder Username Lookup Killswitch
2023-10_video_hook_disable,1363886659,Video Hook disable on Windows 11
2023-10_video_hook_stale_frame_timeout,1821813006,Video Hook Stale Frame Timeout
2023-10_viewer_clipping,3351049965,Test viewer side clipping
2023-10_wgc_stale_frame_timeout,4008174795,Windows Graphics Capture Stale Frame Timeout
2023-11_activities_in_text_guild,1689901851,Activities in Text Guild
2023-11_adyen_auth_without_capture,1511378616,Adyen auth without capture rollout
2023-11_app_launcher_desktop,822676134,App Launcher - Desktop
2023-11_attachment_link_markup,1894288113,Attachment Link Config User Experiment
2023-11_cannibalization_model_data_collection,1294709229,Cannibalization Model Data Collection
2023-11_clyde_ai_aa,1485389700,ClydeAI
2023-11_collectibles_gifting,538840187,Collectibles Gifting
2023-11_colonist_minishelf_banner,2188337804,Actvity Colonist Mini-Shelf Banner
2023-11_enable_hang_status,1033614739,Hang Statuses
2023-11_expanded_gifting_revamp_experiment,2053162821,Expanded Gifting Revamp Experiment
2023-11_friend_finder_sync,3202958470,Friend Finder Sync
2023-11_keybind_indicators,3181891567,Overlay Keybind Indicators
2023-11_midjourney_onboarding,1881851350,Midjourney Onboarding
2023-11_nitro_affinities,1617769333,Nitro Affinities
2023-11_nitro_tab_holdout,2005511838,Nitro Tab Holdout
2023-11_no_manage_subscriptions_section,4037560221,No Manage Subscriptions Section
2023-11_safety_hub_inapp_appeal_ingestion,36882392,Safety Hub In App Appeals Ingestion
2023-11_seasonal_gifting,3338888279,Seasonal Gifting 2023
2023-11_seasonal_gifting_marketing_2023,3863309922,Seasonal Gifting Marketing 2023
2023-11_secure_frames_encryption_guilds,2916044329,Allowing testing secure frames for voice/video (Guilds)
2023-11_shop_for_all_full_launch_nitro_user_upsell,4212844827,Shop For All Full Launch Nitro User Upsell Experiment
2023-11_soundboard_recently_heard_frequently_played,3577312222,Soundboard Recently Heard & Frequently Played
2023-11_totally_benign_and_non_controversial_notification_tweaks,1580712211,Notification Changes
2023-11_uu_one_click,3151821390,Unique Username one click
2023-11_video_quality_measurement_hwdec,2446445026,Video Quality Measurement Hardware Decoding
2023-11_video_quality_measurement_hwdec_v1,622606997,Video Quality Measurement Hardware Decoding
2023-11_voice_activity_in_profile,435681572,Voice Activity in Profile
2023-11_voice_activity_notification_guild,3997016690,General Voice Channel Notifications for Guild
2023-11_voice_activity_notification_user,2966119607,Voice Activity Notifications for User
2023-11_xbox_game_invites,4094597383,Xbox Game Invites Experiment
2023-12_2023_eoy_ringtone,654872987,EOY Ringtone 2023
2023-12_attachment_link_refresh,766962839,Attachment Link Refresh User Experiment
2023-12_collectibles_gifting_dm_entrypoint,2857042185,Collectibles Gifting From DM's
2023-12_collectibles_shop_marketing,488433301,Collectibles Shop Marketing Variations
2023-12_eslatam_launch,518502765,ES LATAM Launch
2023-12_friend_suggestion_seen_state,1821275338,Friend Suggestions Seen State
2023-12_guild_members_table_safety_signal_filters,1004673763,Guild Members Table Safety Signals
2023-12_krunker_strike_coachmark,1296191863,Krunker Strike Coachmark
2023-12_marketing_automation_experiment,2969274422,Marketing Automation
2023-12_mobile_redesign_nav_peek_existing_users,918744516,Mobile Redesign - Nav Experiment: Peek - Existing Users
2023-12_mobile_redesign_nav_peek_new_users,1979408598,Mobile Redesign - Nav Experiment: Peek - New Users
2023-12_mobile_redesign_notif_tab_existing_users,3709066013,Mobile Redesign - Notification Tab - Existing Users
2023-12_mobile_redesign_notif_tab_new_users,2653568078,Mobile Redesign - Notification Tab - New Users
2023-12_nitro_standard_wow_moment_experiment,418762923,Productionize Nitro Standard Flying Wumpus Wow Moment
2023-12_nv_relaxed_rate_control,3216770283,Alternative rate control proposal for Nvidia encoder
2023-12_pause_subscriptions_experiment,1522152287,Pause Subscriptions Experiment
2023-12_quests,2582794089,Quests
2023-12_voice_lockscreen_widget,3182686365,Voice live activity (guild)
2024-01_all_perks,1613323547,All Perks
2024-01_app_launcher_onboarding,703887814,App Launcher - Onboarding
2024-01_auto_disable_video_mobile_v2,1814449668,Mobile performance: VideoHealthManager (v2)
2024-01_chunked_message_attachment_uploads,2992238206,Use chunked uploads for message attachments
2024-01_collectibles_shop_cyberpunk_marketing,2718628725,Shop Cyberpunk In App Marketing Experiment
2024-01_create_gdm_polls,3969506586,Create GDM Polls
2024-01_developers_get_developer_shelf,1459591700,Developers Get Developer Shelf
2024-01_enhanced_hd_streaming_roadblock,430533047,Enhanced HD Streaming Roadblock
2024-01_enhanced_HD_streaming_roadblock,4291495091,Enhanced HD Streaming Roadblock
2024-01_expanded_gift_entry_points_gift_inventory,819931368,Expanded Gift Entry Points - Gift Inventory
2024-01_expanded_gift_entry_points_profile_panel,869298046,Expanded Gift Entry Points - Profile Panel
2024-01_expiring_status,2976448192,Expiring status Experiment 
2024-01_explicit_media_sender_false_positive,3730176707,Explicit Media Sender False Positive
2024-01_guild_gaming_voice_activity,1280907668,Guild Gaming Voice Activity
2024-01_guild_members_table_additional_filtering,1640304679,Guild Members Table Additional Filtering
2024-01_h265_desktop_decode,124383374,H.265 Desktop Decode
2024-01_inappropriate_conversation_warning,1265607294,Inappropriate Conversation Warning
2024-01_inappropriate_conversation_warning_staff_bypass,1562571052,Inappropriate Conversation Warning Staff Bypass
2024-01_mention_on_all_messages,3038837490,Mention on all messages
2024-01_mobile_shop,3754515692,Mobile Shop Experiment
2024-01_nvencadaptivekeyframe,3032307853,nvenc adaptive key frame interval
2024-01_omnibutton_file_upload_subtext,1193116937,Omnibutton File Upload Subtext
2024-01_otp_skus,1604627189,OTP SKUs
2024-01_per_guild_pfx,2261244652,Per-guild Profile Effects / Avatar Decoration Experiment
2024-01_quiet_mode,711383732,Quiet Mode (dnd-equivalent) Experiment 
2024-01_reactivation_user_discount_offer_experiment,4279678064,Reactivation User Discount Offer
2024-01_rpc_analytics_killswitch,305964783,RPC Server Analytics Killswitch
2024-01_safety_hub_display_guild_violations,1136043234,Safety Hub Display Guild Violations
2024-01_shop_lunar_new_year_drop_upsell,2703753090,Shop Lunar New Year In App Marketing Experiment
2024-01_unreads,2883062585,Unreads Experiment (grey-dot mode)
2024-01_uu_forced_migration,3867848536,Unique Username Forced Migration UI
2024-01_voice_call_backgrounds_mobile,326566519,Custom backgrounds for mobile voice calls
2024-01_voice_channel_game_activity,3575725749,Voice Channel Game Activity
2024-01_voice_user_game_activity,1400973357,Voice User Game Activity
2024-01_windows_key_frame_interval,2961250399,Windows key frame interval
2024-02_activity_react_reply,1210736186,Activity React Reply
2024-02_activityiframemountfromgatewayupdate,1678972737,mount activity iframe in response to gateway update
2024-02_all_marketing_page_optimization_phase_1,336769699,Marketing Page Optimizations - Phase 1
2024-02_app_storefront,3943467861,App Storefront
2024-02_applaunchermobilenew,2165998604,App Launcher - Mobile
2024-02_audio_short_circuit,2886828494,Audio processing short circuiting
2024-02_churn_user_discount_offer_experiment,2351506768,Churn User Discount Offer
2024-02_clans,3992461313,Clans
2024-02_clips_quality_decoupling,2198288410,Clips quality decoupling
2024-02_collectibles_anime_v2_marketing,3989121258,Anime V2 marketing Experiment
2024-02_collectibles_shop_elements_marketing,3290168049,Collectibles Shop Marketing Experiment - Elements
2024-02_desktop_animated_icons,151550492,Desktop animated icons
2024-02_emoji_picker_upload_desktop,350727084,Desktop: Consistently show the Emoji Picker Upload button at the start of emoji lists
2024-02_emoji_suggestions,867058171,Emoji Suggestions Experiment
2024-02_family_center_vc_join,3569895137,Family Center VC Join
2024-02_h265_for_windows_with_amd,1262174733,Test H.265 on Windows with the AMD hardware encoder
2024-02_hide_member_list_activities,1585236473,Hide member list activities
2024-02_image_load_metrics,476313123,Image load metrics Config User Experiment
2024-02_navi_bar_existing_users,3520090265,Mobile Redesign - Nav Experiment: You Bar - Existing Users
2024-02_navi_bar_new_users,2455953431,Mobile Redesign - Nav Experiment: You Bar - New Users
2024-02_nitro_badge_on_emoji_hover,3112993043,Nitro Badge on Emoji Hover
2024-02_nitro_custom_emoji_perk_roadblock,4041111924,Nitro Custom Emoji Perk Roadblock
2024-02_nitro_emoji_autocomplete_upsell,1090687199,Emoji Autocomplete Upsells
2024-02_nitro_tenure_rewards,1967357639,Nitro Tenure Reward Experiment
2024-02_nvenc_new_presets,1871481173,nvenc new presets
2024-02_safety_hub_guild_violation_in_app_appeals,668094544,Safety Hub Guild Violation In App Appeals
2024-02_v1_content_inventory_feed,1747551262,V1 Feed of the content inventory
2024-03_access_af,2386857118,q:thinking:
2024-03_airpods_mute_support,2035601025,Support for muting/unmuting via AirPods
2024-03_ait_guild_entry_point,1979035979,Activities in Text Guild Experiment w/ new Entry Point
2024-03_amd_vdec_tests_1,1872798231,"GPU Workarounds: AMD video decode tests 1 (1002:15d8, 1002:15dd, 1002:1636, 1002:1638, 1002:164c, 1002:1681, 1002:67ef, 1002:67df, 1002:731f, 1002:7340, 1002:73bf, 1002:73ef, 1002:73df, 1002:73ff, 1002:743f, 1002:744c, 1002:747e, 1002:7480)"
2024-03_annual_discounts_experiment,3169402205,Test price for standard annual plan utilizing discount framework
2024-03_clan_discovery,2443034,Clan discovery
2024-03_clickstream_analytics,937474337,Clickstream Analytics
2024-03_collectibles_springtoons_marketing,2818518480,Springtoons marketing experiment
2024-03_content_inventory_memberlist_and_ranker,3541906113,Enables the memberlist content feed
2024-03_content_inventory_ranker_client_dummy,826622459,Tracks exposure for which ranker bucket the user is in. This is here to test an exposure bug
2024-03_content_inventory_surface_holdout,3738481102,Content Inventory Surface Holdout
2024-03_explicit_content_adult_defaults,2540058718,Explicit Media Redaction New Setting Defaults
2024-03_friend_finder_selected_states,3744134882,Friend Finder State Experiment
2024-03_gateway_zstd,3940464351,Gateway Zstd compression
2024-03_gdm_facepiles_desktop,2728749069,Group DM Facepiles (Desktop)
2024-03_gdm_presence,1948031068,Group DM Presence
2024-03_holdout_bug_main_right_way,2112082891,Holdout Bug Experiment Right Way (pls ignore)
2024-03_holdout_bug_main_wrong_way,2448001788,Holdout Bug Experiment Wrong Way (pls ignore)
2024-03_krisp_sentiment,2156584863,override krisp setting
2024-03_media_play_metrics,465715532,Media play metrics User Experiment
2024-03_metrics_endpoint_v2,1779058233,Metrics V2 Endpoint Rollout
2024-03_nitro_branded_attachment,2686946511,Nitro branded border and pill on large attachment hover
2024-03_nitro_home_header_experiment,710457649,Nitro Home Header
2024-03_nitro_tenure_reward_card,2962984975,Nitro Tenure Reward Card
2024-03_packages,845634770,Packages
2024-03_passwordless_login,2467249597,Passwordless Login
2024-03_perks_demo_hd_streaming,2082116856,Perks Demo: HD Streaming
2024-03_polls_coachmark,1325121101,Show coachmark for poll creation entry point in guild
2024-03_premium_offer_generic_endpoint,3577879213,Premium Offer Generic Endpoint
2024-03_profile_mutuals,3478646609,Profile Mutuals
2024-03_quest_bar_progress_cta,1001340284,Quest Bar Progress CTA
2024-03_quests_activity_quest,1874994306,Activity Quest
2024-03_quests_client_monitoring,2848826960,Quests client monitoring experiment
2024-03_quests_members_list_entrypoint,950109088,Quests Members List Entrypoint
2024-03_referral_program_recipient,1203883687,Referral Program Recipient Experience
2024-03_referral_program_sender,2843439589,Referral Program Sender Experience
2024-03_remb_experiment,3962844131,Bandwidth Estimation - REMB
2024-03_simplified_profile_phase_one,526435992,Simplified Profile Experiment
2024-03_social_proof_hd_streaming,913903122,Social proof in HD streaming upsell
2024-03_unreads_new_users,1135801489,Unreads Experiment (grey-dot mode) (new users)
2024-03_user_recent_games,2769393059,Recent Games
2024-03_user_recent_games_api,84992422,Recent Games API
2024-03_valorant_admin_signup,2999880206,Valorant Admin Signup
2024-03_valorant_user_signup,950315547,Valorant User Signup
2024-03_web_audio_api_rollout,542528704,Web Audio API Rollout
2024-04_app_launcher_recommendation,3181664439,App Recommendations in App Launcher
2024-04_april_marketing_moment_experiment,2205050281,2024 April Marketing Moment
2024-04_april_marketing_moment_incentive_experiment,1762417097,2024 April Marketing Moment Incentive
2024-04_audio_short_circuit_guild,2830925563,Audio processing short circuiting (guild)
2024-04_call_experience,2176811020,call experience
2024-04_call_experience_enhanced,3729462820,call experience enhanced
2024-04_changelog,977357519,New Changelog Messages
2024-04_clan_guilds,3402440853,Clans guild experiment
2024-04_collectibles_lofi_vibes_marketing,5008486,Lofi Vibes marketing experiment
2024-04_concurrent_quests,3093464864,Concurrent Quests
2024-04_content_inventory_listened_media,1355948205,Content Inventory: LISTENED_MEDIA
2024-04_content_inventory_voice_enrichments,231697094,Experimental enrichments
2024-04_custom_notification_sound_web,1788171924,Custom Notification Sound for Desktop
2024-04_emoji_suggestions,2981535631,Emoji Suggestions Experiment
2024-04_game_settings_merge,1248071225,Game Settings Merge
2024-04_gateway_zstd_verification,3817568922,Gateway Zstd Verification
2024-04_gdm_presence,2244369299,Group DM Presence
2024-04_genshin_admin_signup,1087745567,Genshin Admin Signup
2024-04_genshin_user_signup,472742731,Genshin User Signup
2024-04_go_live_simulcast,2353385375,Go Live Simulcast
2024-04_hang_status_v2,1512150978,Hang Statuses - V2 experiment
2024-04_hd_streaming_parent,3775594731,HD Streaming Parent
2024-04_iar_message_dislike,2210708007,IAR Message Dislike
2024-04_keyword_filter_experiment,1751765672,Replace registered keywords with asterisks
2024-04_markdown_subtext,673657872,Subtext Markdown
2024-04_marketing_page_non_sub_perk_tile_order,3078306920,Changes the order of the non-subscriber perk tiles
2024-04_memberlist_hover_interactions,387275798,Memberlist Hover Interactions
2024-04_memberlist_one_click_reply,2979926240,Memberlist One Click Reply
2024-04_memberlist_share_to_channel,1833197772,Memberlist Share To Channel
2024-04_merged_tabs_existing_users,4169027466,Mobile Redesign - Merge Tabs Last Stand Experiment - Existing Users
2024-04_merged_tabs_new_users,3576355419,Mobile Redesign - Merge Tabs Last Stand Experiment - New Users
2024-04_premium_marketing_tab_display_timing_experiment,3299254846,2024 Premium Marketing Tab Display Timing Experiment
2024-04_quest_playtime_task,1384988818,Quest Playtime Task
2024-04_quest_preview_tool,3368313611,Quest Preview Tool
2024-04_quests_logging,278740984,Quests Logging
2024-04_rollout_for_vic,2166544765,Amazon Music Connection
2024-04_server_peek,2438939149,Change the guild tooltip
2024-04_shop_marketing_badge,3087218047,Shop Marketing New Badge Design Experiment
2024-04_video_decoder_reset_fallback,3988058566,Video decoder reset/fallback on errors
2024-05_activity_death_by_ai_mini_shelf_banner,3846420157,Actvity Death By AI Mini-Shelf Banner
2024-05_av1_hardware_decode_electron,3688581780,AV1 hardware decode
2024-05_brand_refresh_desktop_may_24,456102559,Brand Refresh Desktop Experiment May 2024
2024-05_brand_refresh_perks_experiment,1967110412,Brand Refresh Perks Experiment
2024-05_clans_general,2726789090,Clans General
2024-05_clans_genshin_pilot,2436536485,Clans Genshin Pilot
2024-05_clans_genshin_prepilot,4170279307,Clans Genshin Prepilot
2024-05_clans_valorant_pilot,3272697562,Clans Valorant Pilot
2024-05_clans_valorant_prepilot,1397046415,Clans Valorant Prepilot
2024-05_clientside_recently_online_desktop,4231847915,Recently Online Clientside Desktop
2024-05_collectibles_hover_preview,1501181338,Collectibles Hover Preview Experiment
2024-05_collectibles_shop_bundle,2635331203,Collectibles Shop Bundle
2024-05_color_mixed_desktop_client_themes,3262350988,Better Desktop Client Themes
2024-05_content_inventory_games_rich_presence,878040044,Content Inventory: Rich Presence for Games
2024-05_content_inventory_top_artist_cards,2933142378,Content Inventory: TOP_ARTIST cards
2024-05_desktop_user_settings_search,1800298008,Desktop User Settings Search
2024-05_desktop_visual_refresh,1585279012,Desktop Visual Refresh
2024-05_discount_model_data_collection,2631310213,Discount Model Data Collection
2024-05_enable_stripe_link_on_split_cardelement,2700487382,Enable Stripe Link Experiment on Split CardElement
2024-05_file_upload_desktop_upsell,2142429811,File Upload Desktop Upsell
2024-05_hiding_window_disables_video,1749555752,Hiding Window Disables Incoming Video
2024-05_iar_spam_reorder,1000552881,IAR Spam Reorder
2024-05_june_2024_marketing_moment,2234275423,June 2024 Marketing Moment
2024-05_june_2024_new_app_styles_whats_new_card,3528026688,June 2024 New App Styles Whats New Card
2024-05_june_2024_new_app_styles_whats_new_Card,3705672942,June 2024 New App Styles Whats New Card
2024-05_marketing_page_hero_header_v2,1412791758,Marketing page hero header v2
2024-05_message_forwarding,2255117514,Message forwarding
2024-05_premium_tier_cards_experiment,310211676,Test tier card position and content modifications
2024-05_pride_month_perks_experiment,4117501358,Pride Month Perks Experiment
2024-05_quest_bar,4231678187,Quest Bar
2024-05_quest_home,1633289124,Quest Home
2024-05_rapidash_prepilot_applications,1705671225,Rapidash Prepilot Application Gate
2024-05_referral_program_whats_new_card,1756005051,Referral Program Whats New Card
2024-05_secure_frames_ui_rollout,474159616,Secure Frames Rollout
2024-05_server_profiles,821978822,Server Profiles
2024-05_server_settings_in_user_settings,1348950821,Server privacy settings in user settings menu
2024-05_simplified_profile_friending,1094016555,Simplified Profile Friending Experiment
2024-05_throughline_care,2558990028,Throughline Care Experiment
2024-05_tunein_minishelf_banner,2247494581,Actvity TuneIn Mini-Shelf Banner
2024-05_whats_new_cards_v2_experiment,728629547,Whats new bento boxes
2024-06_activity_bopz_io_mini_shelf_banner,425618690,Actvity BOPZ.io Mini-Shelf Banner
2024-06_activity_rythm_mini_shelf_banner,3756576463,Activity Rythm Mini-Shelf Banner
2024-06_amazon_music_activity_shelf_banner,1336832856,Amazon Music Activity Shelf Promo Banner
2024-06_amd_av1_video_encoding,1887363890,Test how AV1 works on windows with AMD GPU
2024-06_android_shopp,3414354320,Android Shop Experiment
2024-06_app_storefront_message_embeds,276020776,Storefront Message Embed
2024-06_bogo_promotion_marketing_materials,3312664982,Summer BOGO Marketing Materials
2024-06_checkout_recovery_nagbar_test,2984314285,Testing
2024-06_clans_mobile_tags,2784886225,Clans - Mobile
2024-06_collectibles_shop_use_now,3110814161,Collectibles Shop Use Now
2024-06_content_entry_embed,1466873010,Content Inventory Embed
2024-06_ctp_app_open_everyone,3950566842,CTP app open - A/A test - Everyone
2024-06_ctp_app_open_filters,3146386527,CTP app open - A/A test - Filters
2024-06_ctp_app_open_multiple_buckets,160851838,CTP app open - A/A test - Multiple buckets
2024-06_ctp_app_open_uneven_buckets,3785125664,CTP app open - A/A test - Uneven buckets
2024-06_ctp_app_open_vanilla,3140086051,CTP app open - A/A test - Vanilla
2024-06_ctp_delta_vanilla,4257547968,CTP Delta Vanilla - A/A test
2024-06_ctp_voice_call_everyone,3056661591,CTP voice call - A/A test - Everyone
2024-06_ctp_voice_call_filters,1950006063,CTP voice call - A/A test - Filters
2024-06_ctp_voice_call_multiple_buckets,967281137,CTP voice call - A/A test - Multiple buckets
2024-06_ctp_voice_call_uneven_buckets,1085782314,CTP voice call - A/A test - Uneven buckets
2024-06_ctp_voice_call_vanilla,1444157241,CTP voice call - A/A test - Vanilla
2024-06_deprecate_old_settings_rollout,2154116580,Deprecate old settings rollout
2024-06_desktop_app_launcher_in_activities_shelf,2442141621,Desktop App Launcher In Activities Shelf
2024-06_enhanced_custom_status,3903029744,Enhanced Custom Status Experiment
2024-06_frecency_list_split,1650926153,Frecency List Split
2024-06_friends_with_nitro_on_profile_side_panel_experiment,364434712,Friends with Nitro on Profile Side Panel
2024-06_game_profile,3223807078,Enables the Game Profile
2024-06_game_profile_experiment,1666007237,Enables the Game Profile
2024-06_hardware_hevc_nv_gtx_970,1226029546,GPU Workarounds: NVIDIA hardware HEVC decode on GTX 970 (10de:13c2)
2024-06_hardware_hevc_nv_maxwell,3299391845,"GPU Workarounds: NVIDIA hardware HEVC decode on Maxwell (except 970) (10de:1340, 10de:1341, 10de:1344, 10de:1346, 10de:1347, 10de:1348, 10de:1349, 10de:134b, 10de:134d, 10de:134e, 10de:134f, 10de:137a, 10de:137b, 10de:1380, 10de:1381, 10de:1382, 10de:1390, 10de:1391, 10de:1392, 10de:1393, 10de:1398, 10de:1399, 10de:139a, 10de:139b, 10de:139c, 10de:139d, 10de:13b0, 10de:13b1, 10de:13b2, 10de:13b3, 10de:13b4, 10de:13b6, 10de:13b9, 10de:13ba, 10de:13bb, 10de:13bc, 10de:13c0, 10de:13d7, 10de:13d8, 10de:13d9, 10de:13da, 10de:13f0, 10de:13f1, 10de:13f2, 10de:13f3, 10de:13f8, 10de:13f9, 10de:13fa, 10de:13fb, 10de:1401, 10de:1406, 10de:1407, 10de:1427, 10de:1617, 10de:1618, 10de:1619, 10de:161a, 10de:1667, 10de:174d, 10de:174e, 10de:179c, 10de:17c2, 10de:17c8, 10de:17f0, 10de:17f1, 10de:17fd)"
2024-06_hd_streaming_desktop_upsell,2144652476,HD Streaming Desktop Upsell
2024-06_hd_streaming_viewer,2445369146,HD Streaming Viewer Upsell
2024-06_leaderboard,3023183097,Leaderboard
2024-06_message_bookmarks,3155441480,For Later - Bookmarks & Reminders
2024-06_message_forward_breadcrumb,3302321270,Message forward breadcrumb
2024-06_message_send_failure,3096022268,Message Send Failure Experiment
2024-06_mobile_app_launcher_in_activities_shelf,3546683530,[Mobile] App Launcher in Activities Shelf
2024-06_outbound_promo_desktop_upsell,2302949395,Upsell Outbound Promos
2024-06_perks_demo_hd_streaming_opt_in,1273017914,Perks Demo: HD Streaming
2024-06_premium_emoji_desktop_upsell,939388181,Premium Emoji Desktop Upsell
2024-06_premium_feature_apperance_upsell_desktop,1276606570,Premium Client Themes / App Icons Desktop Upsell
2024-06_premium_soundboard_desktop_upsell,34387210,Premium Soundboard Desktop Upsell
2024-06_profile_engagement_ctas,1411781330,Simplified Profile Primary Engagement Ctas
2024-06_profile_react_reply,2931274085,Simplified Profile React Reply
2024-06_quest_inline_console_connection,630483190,Quest Inline Console Connection Experiment
2024-06_repeat_gift_purchase,4075801892,Repeat Gift Purchase
2024-06_rtc_pacer__simulcast,175769529,RTC Pacer & Golive Simulcast
2024-06_rtc_voice_state_sync_experiment,1254450589,RTC and Voice State Desync Fixes
2024-06_simplified_bot_profiles,112351380,Simplified Bot Profiles Experiment
2024-06_simplified_profile_panel_friending,1281004972,Simplified Profile Panel Friending Experiment
2024-06_user_affinities_v2,4050975723,User Affinity V2
2024-07_activity_farm_merge_valley_mini_shelf_banner,753418359,Activity Farm Merge Valley Mini-Shelf Banner
2024-07_activity_launch_via_primary_app_command_in_voice,601014749,Activities - Launch via Primary App Command in Voice
2024-07_activity_roll20_mini_shelf_banner,1396813797,Activity Roll20 Mini-Shelf Banner
2024-07_bogo_countdown,3062760589,BOGO Countdown Experiment
2024-07_cash_app_pay_awareness_campaign,1009437557,cash_app_pay_awareness
2024-07_collectibles_android_shop_clientside,2459707680,Android Shop Experiment
2024-07_contextual_image_recs,4122449375,Contextual Image Recommendations
2024-07_contextual_image_recs_user,2916972233,Contextual Image Recommendations
2024-07_ctp_open_nitro_everyone,2186054133,CTP open nitro - A/A test - Everyone
2024-07_ctp_open_nitro_filters,919330149,CTP open nitro - A/A test - Filters
2024-07_ctp_open_nitro_multiple_buckets,2877495005,CTP open nitro - A/A test - Multiple buckets
2024-07_ctp_open_nitro_uneven_buckets,3652203932,CTP open nitro - A/A test - Uneven buckets
2024-07_ctp_open_nitro_vanilla,893386376,CTP open nitro - A/A test - Vanilla
2024-07_ctp_open_user_settings_everyone,2882656906,CTP open user settings - A/A test - Everyone
2024-07_ctp_open_user_settings_filters,765549105,CTP open user settings - A/A test - Filters
2024-07_ctp_open_user_settings_multiple_buckets,1154689066,CTP open user settings - A/A test - Multiple buckets
2024-07_ctp_open_user_settings_uneven_buckets,3867222182,CTP open user settings - A/A test - Uneven buckets
2024-07_ctp_open_user_settings_vanilla,844414773,CTP open user settings - A/A test - Vanilla
2024-07_ctp_payment_flow_started_everyone,529306240,CTP payment flow started - A/A test - Everyone
2024-07_ctp_payment_flow_started_filters,2963083890,CTP payment flow started - A/A test - Filters
2024-07_ctp_payment_flow_started_filters_,3970884692,CTP payment flow started - A/A test - Filters
2024-07_ctp_payment_flow_started_multiple_buckets,3096398147,CTP payment flow started - A/A test - Multiple buckets
2024-07_ctp_payment_flow_started_uneven_buckets,2006293274,CTP payment flow started - A/A test - Uneven buckets
2024-07_ctp_payment_flow_started_uneven_buckets_,37279897,CTP payment flow started - A/A test - Uneven buckets
2024-07_ctp_payment_flow_started_vanilla,2299950222,CTP payment flow started - A/A test - Vanilla
2024-07_expand_roles_inline,512190380,Expand Roles Inline
2024-07_friend_request_spam_inbox,2045608872,Friend request spam inbox
2024-07_gdm_blocked_user_warning,206457552,GDM Blocked User Warning
2024-07_gift_select_sku_desktop,668833571,Premium Gift Select SKU Select Desktop
2024-07_global_discovery,2456783224,Global Discovery
2024-07_hover_bar_reaction_suggestions,2595288008,Hover Bar Reaction Suggestions
2024-07_icymi,4207551078,In-case-you-missed-it tab
2024-07_icymi_negative_items,501017028,icymi negative content (debugging only)
2024-07_message_forwarding_iterations,3935119824,Message forwarding iterations
2024-07_native_screen_share_picker,1062665695,Use system picker for screen sharing
2024-07_open_platform_app_launcher,4205780956,Open Platform App Launcher
2024-07_persistent_reaction_button,1940896451,Persistent Reaction Button (Desktop)
2024-07_profile_effects_webp,2427580333,Uses WEBP for Profile Effect Assets
2024-07_quest_bar_v2_reward_highlighting,3548239607,Quest Bar V2 Reward Highlighting
2024-07_quest_interactable_expired_crendentials,3385138022,Quest interactable expired crendentials errors
2024-07_quests_mobile_ga,3233521372,Quests Mobile GA
2024-07_rapidash_m3_admins_browse,1691794064,Rapidash M3 Admins Browse
2024-07_rapidash_m3_guilds,1486731487,Rapidash M3 Guilds
2024-07_rapidash_m3_joiners,1526796747,Rapidash M3 Users
2024-07_referral_program_sender_incentive,3017999764,Referral Program Sender Incentive
2024-07_shop_marketing_variants,644476508,Shop Marketing Variants Experiment
2024-07_shop_server_marketing,3230757886,Shop Server Marketing Experiment
2024-07_shy_project,2483448920,Shy Project Marketing Variation
2024-07_sidechain_compression,3312979622,Test sidechain compression
2024-07_sky_load,2472873852,Sky Load
2024-07_user_profile_new_activity_cards,2344802807,User Profile New Activity Cards Experiment
2024-07_user_profile_past_activity,4175610728,User Profile Past Activity Experiment
2024-08_blocking_voice_states,3896794487,Blocking Voice States (Blocker)
2024-08_collectibles_expiry_modal,1636636786,Collectibles Expiry Experiment
2024-08_content_inventory_analytics_sampling,1274464129,Content Inventory Analytics Sampling
2024-08_content_inventory_entry_signed_hash,1324956790,Check Signature On Content Inventory Embed
2024-08_ctp_dmgdm_list_render__everyone,1907391960,CTP DM/GDM List Render - A/A test - Everyone
2024-08_ctp_dmgdm_list_render__filters,857226402,CTP DM/GDM List Render - A/A test - Filters
2024-08_ctp_dmgdm_list_render__multiple_buckets,727071739,CTP DM/GDM List Render - A/A test - Multiple buckets
2024-08_ctp_dmgdm_list_render__uneven_buckets,2569252158,CTP DM/GDM List Render - A/A test - Uneven buckets
2024-08_ctp_dmgdm_list_render__vanilla_,3781250242,CTP DM/GDM List Render - A/A test - Vanilla
2024-08_dismissible_pip,3654487046,Dismissible Desktop PiP
2024-08_emoji_picker_limit_emojis_experiment,2390760015,"Desktop: Show three rows of emojis per server, with the option to expand"
2024-08_friend_anniversaries,1006930170,Friend Anniversaries
2024-08_halloween_nitro_gifting_campaign,3596515720,Halloween nitro gifting campaign
2024-08_hd_streaming_viewer,1274486444,HD Streaming Viewer Upsell
2024-08_iar_privacy_and_safety_settings_upsells,2629592978,IAR Privacy & Safety Settings Upsells
2024-08_keyword_filter_upsells,3902307858,Language Filter Upsells
2024-08_load_test_guild_recs,1642760143,Guild Recs Load Testing
2024-08_message_attachment_send_failure,408176620,Message Attachment Send Failure Experiment
2024-08_message_forwarding_icon,1378883154,Message forwarding icon change
2024-08_mobile_message_visibility_percentage_calculation,559768860,Mobile Message Visibility Percentage Calculation
2024-08_mobile_perguild_collectibles_edit,2799195304,Mobile Per-guild Collectibles Edit
2024-08_new_gateway_dispatcher,191973690,New Gateway Dispatcher
2024-08_nitro_tenure_rewards_backfill,3782439999,Nitro Tenure Reward Backfill
2024-08_open_platform_app_launcher_holdout,154757202,Open Platform App Launcher Holdout
2024-08_open_platform_link_sharing,1276301734,Open Platform Link Sharing
2024-08_perks_demo_hd_streaming_opt_in_v2,3975306549,HD Streaming
2024-08_premium_user_profile_try_it_out_desktop,2227754805,Try It Out Entry Points
2024-08_premium_user_profile_upsell_desktop,3350499368,User Profile Upsell
2024-08_private_channel_hiding,687045128,Private Channel Hiding
2024-08_quests_separate_decision_endpoint,4064143782,Quests separate decision endpoint
2024-08_reaction_frecency_algorithms,92152290,Reaction Frecency Algorithms
2024-08_reaction_push_notifications_guild,3810214821,In App Notifications for Reactions (Guild)
2024-08_reaction_push_notifications_user,939840210,In App Notifications for Reactions
2024-08_reverse_trial,3433628153,Reverse Trials
2024-08_safety_settings_update,2522510576,Safety Settings Update
2024-08_secure_frames_encryption_guilds_v2,2125168757,Allowing testing DAVE protocol for voice/video (Guilds)
2024-08_self_recent_activity,3657218045,Self Recent Activity Experiment
2024-08_shop_recurring_dc,3175674624,Shop Recurring Dismissible Content Experiment
2024-08_soundboard_refresh,670930559,Soundboard UI Refresh
2024-08_tiered_tenure_badges,882504092,Tiered Tenure Badging
2024-08_toggle_soundshare_menu_experiment,3853396589,Toggle soundshare from stream settings menu
2024-08_user_app_subscription_redesign,757311854,User App Subscription Redesign
2024-08_user_profile_blockee_hide_mutuals,1502922057,User Profile Blockee Hide Mutuals
2024-08_user_profile_blocker_skeleton,2213424224,User Profile Blocker Skeleton
2024-09_app_dms,898010800,App DMs Experiment
2024-09_app_oauth2_link_embed,1118084903,app oauth2 link embed
2024-09_best_of_nitro_v2_experiment,2180300978,Best of Nitro bento boxes
2024-09_blocking_voice_states_blockee,1813334724,Blocking Voice States (Blockee)
2024-09_browse_channel_visible,1053452216,Don't show guild Browse Channels when all channels are already visible
2024-09_browsechannelbuttonoptin,1325580951,Don't show guild Browse Channels when all channels are already visible
2024-09_bug_reporter,3673264743,Bug Reporter
2024-09_collectibles_shop_preload,81858881,Collectibles Shop Preload
2024-09_connection_flow_refactor,2545166978,Connection Flow Refactor
2024-09_dm_mute_feedback,3721779707,DM Mute Feedback Experiment
2024-09_fewer_speaking_messages,2436834070,Reduce speaking messages
2024-09_friend_anniversaries_metrics,115812232,Friend Anniversaries Metrics
2024-09_friends_in_server,2409701526,Friends in Server
2024-09_game_profile_feedback_flow,3237263001,Game Profile Feedback Flow
2024-09_global_discovery_apps,692504301,Global Discovery Apps - Logged In
2024-09_hd_streaming_potion,963601694,Consumable HD Streaming Experiment
2024-09_improved_reaction_button,96191983,Improved Reaction Button
2024-09_league_of_legends_leaderboard,107802454,League of Legends Leaderboard
2024-09_likely_atoed_connections,723606476,Likely ATO Warning
2024-09_message_forwarding_gtm,1298178098,Message forwarding GTM
2024-09_open_platform_link_sharing_mobile,1206887120,Open Platform Link Sharing Mobile
2024-09_quests_trophy_case,692564799,Trophy Case
2024-09_rustadm,4226263373,Rust Audio Device Manager
2024-09_sky_load,2717647907,Sky Load
2024-09_test_child_2_safety_xp_holdout,2622662067,Holdout experiment
2024-09_tiered_tenure_badging_whats_new,1279193001,Tiered Tenure Badging (What's New)
2024-09_user_app_install_education,2283061372,User App Install Education Experiment
2024-09_voice_channel_blocked_user_warning,171890070,Voice Channel Blocked User Warning
2024-09_whats_new_cards_v2_experiment,1773075055,Whats new bento boxes
2024-10_app_oauth2_link_embed_mobile,3144944363,app oauth2 link embed
2024-10_basic_tagline_experiment,1362626353,Basic Tagline Experiment
2024-10_block_user_feedback,1345574151,Block User Feedback Experiment
2024-10_blocking_context,1289160534,Blocking Context
2024-10_consumables_hd_streaming,3491032581,Consumable HD Streaming Experiment
2024-10_golive_simulcast,3942584255,GoLive Simulcast
2024-10_icymi_legacy,1485834222,Legacy ICYMI experiment
2024-10_icymi_random,807262478,random sort on ICYMI
2024-10_icymi_sorting_fe,3306368080,FE experiment for sorting on ICYMI
2024-10_improved_media_viewer,1621420501,Improved Desktop Media Viewer
2024-10_merge_notifications_tab,2998143296,Merge notifications tab
2024-10_message_attachment_send_failure,3652546672,Message Attachment Send Failure Experiment
2024-10_mobile_display_animated_webp_embeds,4109271000,Mobile Display Animated WebP Embeds Experiment
2024-10_mobile_referral_trial_recipient,3982775303,Referral Recipient Experiment
2024-10_mobile_video_disable,1715296116,Backgrounding Mobile App Disables Incoming Video
2024-10_nitro_shop_entry_points,842501197,User Profile Nitro Shop Entry Points
2024-10_nitro_tab_forced_render,3681053868,Nitro Tab Forced Re-render Investigation
2024-10_october_holiday,3418461453,October Holiday
2024-10_overlay_v3,3483283057,Overlay V3 Shared Context OOP
2024-10_premium_upsell_revamp_for_trial,2750477292,Premium Upsell Revamp For Trial
2024-10_profile_activity_react_reply,3699976510,Profile Activity React Reply
2024-10_quests_dismissal_survey,704914099,Quests Dismissal Survey
2024-10_quests_video_dismissal_survey,1800252857,Video Quests Dismissal Survey
2024-10_rapidash_discovery_entrypoint,2622502748,Rapidash Discovery Entrypoint
2024-10_rapidash_discovery_plus,1731609653,Rapidash Discovery Plus
2024-10_rapidash_discovery_sign_up,2681995341,Rapidash Discovery Early Sign Up
2024-10_rapidash_request_to_join_dm,542247496,Rapidash Request To Join DM option in Guild Popout
2024-10_recent_activity_in_dms,2122002762,Recent Activity in DMs
2024-10_retrigger_reaction_frecency_algorithms,3254726199,(Retrigger) Reaction Frecency Algorithms
2024-10_shop_skus_in_gift_flow,1469485145,Gift Collectibles in DM
2024-10_shop_variants,2849820511,Shop Variants Experiment
2024-10_simplified_custom_status_bubble,2329002064,Simplified Custom Status Bubble
2024-10_stealth_remediation,3936986189,A new user remediation tool
2024-10_system_date_formatter,2327380316,Use system APIs for date formatting
2024-10_tile_resolution_gating,3172358820,Tile Resolution Gating
2024-10_updated_fetch_subscription_plans_for_sku_error,1907997422,Updated Fetch Subscription Plans For SKU Error
2024-10_user_profile_panel_recent_activity,686077637,User Profile Panel Recent Activity
2024-10_user_profile_panel_recent_activity_status,2843610715,User Profile Panel Recent Activity Status
2024-10_voice_icon_states,4090757948,Voice/Video icon states
2024-10_web_display_animated_webp_embeds,527410747,Web Display Animated WebP Embeds Experiment
2024-10_weighted_sample_activity_shelf,2793808763,Weighted Sample Activity Shelf
2024-11_activities_contextless,1212742421,Contextless Activities Experiment
2024-11_activity_popout_window,4090186469,Activity Popout Window Experiment
2024-11_application_reporting_flow,1859137100,Apps In-App Reporting
2024-11_checkout_optimization_browser_autofill_global,402972005,Checkout Optimization Browser Autofill Global
2024-11_checkout_optimization_desktop_client_google_pay,3040416010,Checkout Optimization Browser Autofill Google Pay
2024-11_connection_flow_refactor_v2,4044657019,Connection Flow Refactor
2024-11_disable_quest_decision_fallback,3740788845,Disable Quest Decision Fallback
2024-11_expression_suggestions_disabled,1064593114,Expression Suggestions Disabled Experiment
2024-11_global_discovery_algolia_search,3999173412,Global Discovery Servers Search
2024-11_hotwheels_activity_feed_ml_model,2145331079,Hotwheels Activity Feed ML Model
2024-11_hypesquad_removal,3719452344,HypeSquad Removal
2024-11_marketing_page_v2_experiment,2385116850,Marketing Page V2 Experiment
2024-11_member_verification_rollout,516128964,Member verification rollout
2024-11_nitro_basic_upsell,799610608,Nitro Basic Upsell
2024-11_nitro_tenure_rewards_collectible,369847441,Nitro Tenure Reward Collectible
2024-11_premium_q4_moment_marketing,1993855251,Premium Q4 Moment Marketing
2024-11_scheduled_messages,3665569004,Scheduled Messages
2024-11_seasonal_gifting,797131451,Seasonal Gifting 2024
2024-11_seasonal_gifting_reminder,926272517,Seasonal Gifting Reminder 2024
2024-11_soundmoji_rendering,375271128,Render soundmojis
2024-11_soundmoji_sending,1328765334,Send soundmojis
2024-11_teen_defaults__message_requests,3587259312,New defaults for message requests
2024-11_third_party_access_settings_redesign,2932220947,Third Party Access User Settings Redesign
2024-11_unreads_new_users2,1130924794,Unreads Experiment (grey-dot mode) (new users) 2
2024-11_user_profile_recent_activity,2038753337,User Profile Recent Activity
2024-12_app_dm_report_button,2990331215,App DMs Report Button Experiment
2024-12_app_embeds_redesign,3413595166,App Embeds Redesign
2024-12_confetti_potion,1949530485,Confetti Potion Experiment
2024-12_dcf_dismissal_no_op,3302286747,DCF Dismissal No Op
2024-12_global_discovery_apps_logged_out,1944136780,Global Discovery Apps - Logged Out
2024-12_hotwheels_activity_feed_inventory_thresholds,54732725,Hotwheels Activity Feed (Inventory Options)
2024-12_icymi_status_with_media,4006754440,Shows media with custom status in ICYMI
2024-12_new_guild_profile,3008491910,Enables new guild profile
2024-12_overlay_v3_tech,558925743,Overlay V3 Shared Tech Experiment
2024-12_participants_panel,3915594045,Participants Panel
2024-12_premium_wow_moment,2616729737,Premium Wow Moment
2024-12_premium_wow_moment_fetch_analytics,2333858302,Premium Wow Moment Fetch Analytics
2024-12_quests_nitro_permadecos,763918667,Quests Nitro Permadecos
2024-12_save_voice_message_menu_item,1790383503,Save voice message menu item on web
2024-12_shop_home_experiment,3436207934,Shop Home API Experiment
2024-12_shop_link_mention,4271370555,Collectibles Shop Link Mention Experiment
2024-12_uplift_trial_nux,2788035008,Uplift Trial NUX
2024-12_user_profile_modal_recent_activity,2340201155,User Profile Modal Recent Activity
2024-12_user_profile_react_reply_awareness,4253623018,User Profile React Reply Awareness
2024-12_voice_call_buttons,2815273603,Voice/Video icon states
2024-12_voice_icon_states,516807114,Voice/Video icon states
2024-12_winter_holiday,944123231,Winter Holiday
2024-2024-10_shop_variants,1035618977,Shop Variants Experiment
2025-01_perceptual_volume_function,2812258452,Perceptual volume function adjustment
2025-01_remove_emoji_effects,3976238319,Remove emoji effects
2025-01_valentines_gifting_2025,3086590474,Valentines Gifting 2025
